Name,LinkedIn URL
Suzy Ryoo,
Troy Carter,https://www.linkedin.com/in/troy-carter-20928774/
Naval Ravikant,
Bobby Goodlatte,https://www.linkedin.com/in/bobby-goodlatte/
Alexis Ohanian,https://www.linkedin.com/in/alexisohanian/
Ameet Shah,https://www.linkedin.com/in/ameetshah/
Varsha Rao,https://www.linkedin.com/in/varsharao/
Joanne Chen,https://www.linkedin.com/in/joanne-chen-8486677/
Scott Belsky,https://www.linkedin.com/in/scottbelsky/
Jason Demant,https://www.linkedin.com/in/jasondemant/
Shaan Puri,https://www.linkedin.com/in/shaanpuri/
Suleman Ali,https://www.linkedin.com/in/sulemanali/
Naomi Pilosof Ionita,https://www.linkedin.com/in/naomipilosofionita/
Howard Lindzon,https://www.linkedin.com/in/howardlindzon/
Aaron Schwartz,https://www.linkedin.com/in/aaroncharlesschwartz/
Kevin Rose,https://www.linkedin.com/in/kevinrose/
Will Peng,https://www.linkedin.com/in/williampeng/
Eric Ries,https://www.linkedin.com/in/eries/
Chris Sacca,https://www.linkedin.com/in/chrissacca/
Hunter Walk,https://www.linkedin.com/in/hunterwalk/
Marc Andreessen,n/a
Owen Brainard,https://www.linkedin.com/in/owen-brainard-925a942/
Loic Le Meur,https://www.linkedin.com/in/loiclemeur/
Hiten Shah,https://www.linkedin.com/in/hnshah
Nir Eyal,https://www.linkedin.com/in/nireyal/
Brian Pokorny,https://www.linkedin.com/in/brpokorny/
Kevin Carter,https://www.linkedin.com/in/carterkev
John Doerr,https://www.linkedin.com/in/john-doerr-03248211/
Rui Ma,https://www.linkedin.com/in/ruima/
Andreas Klinger,https://www.linkedin.com/in/andreasklinger/
Sachin Agarwal,https://www.linkedin.com/in/a4agarwal/
Hana Yang,https://www.linkedin.com/in/hanayang/
Miyuki Matsumoto,http://linkedin.com/in/miyuki-matsumoto-7468162
Jacob Jaber,https://www.linkedin.com/in/jacobjaber/
Matt Mazzeo,https://www.linkedin.com/in/matthewmazzeo/
Sim Blaustein,www.linkedin.com/in/simblaustein
Sam Olstein,https://www.linkedin.com/in/sam-olstein-7949395/
Josh Elman,https://www.linkedin.com/in/joshe/
Robleh Jama,https://www.linkedin.com/in/robjama/
Bryan Schreier,https://www.linkedin.com/in/bryanschreier/
Sean Qiao,n/a
Jeremy Levine,https://www.linkedin.com/in/jerlevine/
Russel Okung,https://www.linkedin.com/in/russellokung/
Balaji S. Srinivasan,https://www.linkedin.com/in/balajissrinivasan/
Josh Cook,https://www.linkedin.com/in/joshuacookesq/
Siqi Chen,https://www.linkedin.com/in/siqic/
Om Malik,https://www.linkedin.com/in/ommalik/
David Schwab,https://www.linkedin.com/in/davidschwab08/
Garry Tan,https://www.linkedin.com/in/garrytan/
Harley Finkelstein,https://www.linkedin.com/in/harleyf/
Zack Linford,https://www.linkedin.com/in/zack-linford-135a5822/
David Ulevitch,https://www.linkedin.com/in/davidu/
Rick Yang,https://www.linkedin.com/in/rickcyang/
Sarah Adler,https://www.linkedin.com/in/sarahadlerhartman/
Andrew Peek,linkedin.com/in/drupeek
Satish Kanwar,https://www.linkedin.com/in/skanwar/
Morris Wheeler,https://www.linkedin.com/in/mowheeler/
Christopher Lyle,https://www.linkedin.com/in/christopherlyle/
Geoff Donaker,https://www.linkedin.com/in/gdonaker/
James Currier,https://www.linkedin.com/in/jamescurrier/
Jana Messerschmidt,https://www.linkedin.com/in/janamesserschmidt/
Matt Johnson,https://www.linkedin.com/in/matthewljohnson/
Phil Rimer,n/a
Josh Mohrer,https://www.linkedin.com/in/joshmohrer/
Roy Sehgal,https://www.linkedin.com/in/roysehgal/
Robert Shedd,https://www.linkedin.com/in/shedd/
Jonathan Abrams,https://www.linkedin.com/in/jonathanabrams/
Steven Sinofsky,https://www.linkedin.com/in/sinofsky/
Chris Ye,https://www.linkedin.com/in/cye/
Erik Torenberg,https://www.linkedin.com/in/eriktorenberg/
Steven Finn,https://www.linkedin.com/in/steven-finn-bb206011/
Zach Perret,https://www.linkedin.com/in/zperret/
William Hockey,https://www.linkedin.com/in/william-hockey-04536710/
Vijay Pandurangan,https://www.linkedin.com/in/vpandurangan/
Grant Gittlin,https://www.linkedin.com/in/grantgittlin/
Fahd Ananta,n/a
Armando Mann,https://www.linkedin.com/in/armandomann/
Mark Lampert,https://www.linkedin.com/in/mark-lampert-5333912a/
Corley Hughes,https://www.linkedin.com/in/corleyhughes/
Susan Hobbs,https://www.linkedin.com/in/susanhobbs/
Michael Chou,https://www.linkedin.com/in/mchou1/
Michael Perry,https://www.linkedin.com/in/mlperry/
Jason Hodges,https://www.linkedin.com/in/hodge/
Steven Baker,https://www.linkedin.com/in/steven-baker-5077885/
Ben Davenport,https://www.linkedin.com/in/bpdavenport/
Ben Rubin,https://www.linkedin.com/in/rubinben/
Paul Grinberg,https://www.linkedin.com/in/paulgrinberg/
Bubba Murarka,https://www.linkedin.com/in/bubba/
Daniel Debow,https://www.linkedin.com/in/ddebow/
Jeffrey Cai,n/a
Keenan Rice,https://www.linkedin.com/in/keenanrice/
Bob Agahi,n/a
Francesco Simoneschi,https://www.linkedin.com/in/francescosimoneschi/
Matthew Lieber,https://www.linkedin.com/in/matthewlieber/
Michael Mignano,https://www.linkedin.com/in/mmignano/
Chris Dixon,n/a
Keith Titan,https://www.linkedin.com/in/keithtitan/
Urs Cete,https://www.linkedin.com/in/urscete/
Charles Moldow,https://www.linkedin.com/in/charlesmoldow/
Sarah Smith,https://www.linkedin.com/in/sasmith4/
Gigi Levy-Weiss,https://www.linkedin.com/in/gigilevy/
Pete Flint,https://www.linkedin.com/in/peteflint/
Brian Finn,n/a
Shawn Carolan,https://www.linkedin.com/in/scarolan/
Judy Yang,https://www.linkedin.com/in/judyy/
Lucy Zhang,https://www.linkedin.com/in/lucycz/
Laurent Drion,https://be.linkedin.com/in/laurentdrion
Patrice Decafmeyer,https://www.linkedin.com/in/pdecafmeyer/
Jeff Fagnan,https://www.linkedin.com/in/jeff-fagnan-7b018/
Dan Gilbert,n/a
Jake Cohen,https://www.linkedin.com/in/jacobdavidcohen/
Jared Stasik,https://www.linkedin.com/in/jstasik/
Haemi Kim,https://www.linkedin.com/in/haemi-kim-cpa-18523521/
John Borthwick,https://www.linkedin.com/in/jborthwick/
Casey Neistat,n/a
B.J. Novak,https://www.linkedin.com/in/b-j-novak-2861a183/
Ben Parr,https://www.linkedin.com/in/benparr/
Eric Feng,https://www.linkedin.com/in/efeng/
Hsu Han Ooi,https://www.linkedin.com/in/hsuhanooi/
Brian Ma,https://www.linkedin.com/in/zealoustiger/
Topher Conway,https://www.linkedin.com/in/topherc/
Peter Rojas,https://www.linkedin.com/in/peter-rojas-4372449a/
Matt Hartman,https://www.linkedin.com/in/matthewforresthartman
Alvin Tse,https://www.linkedin.com/in/atytse
Adi Levanon,https://www.linkedin.com/in/levanonadi/
Paul Audet,https://www.linkedin.com/in/paul-audet-5506a461/
Lloyd Lapidus,https://www.linkedin.com/in/lloyd-lapidus-13385718/
Alan Cannistraro,https://www.linkedin.com/in/alancannistraro/
Graham Jenkin,https://www.linkedin.com/in/grahamjenkin/
Nicolas Dessaigne,https://www.linkedin.com/in/nicolasdessaigne
Aziz Ansari,n/a
Nir Zicherman,https://www.linkedin.com/in/nir-zicherman-172a461a/
Khoi Tran,https://www.linkedin.com/in/khoitran/
Varadh Jain,n/a
Lyndsay Lyle,
Miles Grimshaw,https://www.linkedin.com/in/milesgrimshaw/
Jess Lee,https://www.linkedin.com/in/jesskah/
Siddhanth Jayaram Muthukali,https://www.linkedin.com/in/siddhanthjm/
Hyung Kim,https://www.linkedin.com/in/hyungjkim/
Ben Tossell,https://www.linkedin.com/in/ben-tossell-70453537/?originalSubdomain=uk
Andrew Gazdecki,https://www.linkedin.com/in/agazdecki
James Queen,https://www.linkedin.com/in/james-queen-658a905/
Neel Lukka,https://www.linkedin.com/in/neel-lukka/
Vitaly Gordon,https://www.linkedin.com/in/vitalygordon/
Peter Clark,https://www.linkedin.com/in/peter-clark-51990a8a/
David Horn,https://www.linkedin.com/in/davidmhorn/
Joris Delanoue,https://www.linkedin.com/in/delanoue
Jacob Peters,https://www.linkedin.com/in/jacobdpeters
Nathan Garvie,http://linkedin.com/in/nathangarvie
Tyler Howarth,https://www.linkedin.com/mwlite/in/tylrhwrth
Kartik Talwar,linkedin.com/in/kartiktalwar
Dilan Dane,https://www.linkedin.com/in/dilandane/
Jon Khaykin,https://linkedin.com/in/jkhaykin
Andrew Noel Green,https://www.linkedin.com/in/andrewngreen10/
Troy B Steckenrider III,https://www.linkedin.com/in/steckenrider/
Sahil Lavingia,https://www.linkedIn.com/Sahil-lavingia
Mihai Anca,https://www.linkedin.com/in/mihaianca/
Jason Bornstein,https://www.linkedin.com/in/jason-bornstein/
Andy Jiang,https://www.linkedin.com/in/andyjiang
Brad Holden,https://www.linkedin.com/in/bradpholden/
Nikhil Garg,https://www.linkedin.com/in/nikhilgarg28/
Ben Kessler,https://LinkedIn.com/in/benkessler
Máuhan M Zonoozy,https://www.linkedin.com/in/mauhan
Courtney Guertin,http://linkedin.com/in/courtstarr
Braden Ream,https://www.linkedin.com/in/braden-ream/
Jeffrey Silverstein,https://www.linkedin.com/in/jeff-silverstein-54208555/
Zaid Rahman,https://www.linkedIn.com/in/zaidrahman
Eric Willis,https://www.linkedin.com/in/erictwillis/
Tosin Afolabi,https://www.linkedin.com/in/tosinafolabi
Anjney Midha,https://www.linkedin.com/in/anjney
Lukas Koebis,https://www.linkedin.com/in/lukaskoebis/
Paul Judge,https://www.linkedin.com/in/drpauljudge
Tom Richardson,https://www.linkedin.com/in/tomrichardsonuk/
Tuhin Kumar,https://www.linkedin.com/in/tuhinkumar
Andrew Edelman,https://www.linkedin.com/in/andrewedelman
Kenton Kivestu,https://www.linkedin.com/in/kivestu
Ian Logan,https://www.linkedin.com/in/albertianlogan/
Lennart Graf von Hardenberg,https://www.linkedin.com/in/lennartgrafvonhardenberg
Sachin D. Agarwal,https://www.linkedin.com/in/sachinag
Patrick Traughber,https://www.linkedin.com/in/patricktraughber/
Stephan Angoulvant,https://www.linkedin.com/in/stephanango/
Jamie Cox,https://www.linkedin.com/in/jamie-cox-27b197141/
Paul Yacoubian,https://www.linkedin.com/in/paulyacoubian
Kah Seng Tay,https://linkedin.com/in/kstay
Prateek Srivastava,https://www.linkedin.com/in/f2prateek
Nicholas Clark,http://linkedin.com/in/nicholas-clark-36830828
Alex Rosen,https://www.linkedin.com/in/rosenalex/
Evan Coutre,https://www.linkedIn.com/in/evancoutre
Sheel Mohnot,https://www.linkedin.com/in/smohnot
Marc Simons,https://www.linkedin.com/in/marcsimons
Jeff Soo,https://www.linkedin.com/in/jeffsoo/
Kevin Lee,https://www.linkedin.com/in/kevinleeme/
Jack Smith,https://www.linkedin.com/in/jacksmith112
Adam Kazwell,https://www.linkedin.com/in/kazwell/
David Newell,https://www.linkedin.com/in/dnewell1/
Tuomas Rinta,https://linkedin.com/in/tuomasrinta/
Bryan Irace,https://www.linkedin.com/in/bryanirace/
Mario Gabriele,https://www.linkedin.com/in/mariogabriele/
Alexis Weill,https://www.linkedin.com/in/aweill/
Ethan Smith-Gillespie,https://www.linkedin.com/in/ethansg/
Derek Kohn,https://www.linkedin.com/in/derekkohn/
David Bai,https://linkedin.com/in/davbai
William Manidis,https://www.linkedin.com/in/willmanidis
Srikanth Batchu,https://www.linkedin.com/in/sribatchu/
Matt Joanou,https://www.linkedin.com/in/mattjoanou
Austin Mao,https://www.linkedIn.com/in/austinmao
Cuong Pham,https://www.linkedin.com/in/phamcuong/
Sid Kalla,https://www.linkedin.com/in/siddharthkalla/
Harish Agarwal,https://www.linkedin.com/in/harish-p-agarwal/
Malcolm Ong,https://linkedin.com/in/malcolmong
Dennis Xu,https://www.linkedIn.com/in/xudennis
Matthew Matteson,https://www.linkedin.com/in/mattmatteson/
Jake Levine,https://www.linkedin.com/in/levinejake
Jitendra Gupta,https://www.linkedin.com/in/jngupta
Imran Khan,https://www.linkedin.com/in/lmrankhan
Taimur Abdaal,https://www.linkedin.com/in/taimurabdaal/
KP Reddy,https://www.linkedin.com/in/kpreddy
Michael Sean Berner,http://linkedin.com/in/michaelsberner
Daniel Amitay,https://www.linkedin.com/in/danielamitay
Han Hua,https://www.linkedin.com/in/han-hua/
Jesse Miller,https://www.linkedin.com/in/jessejmiller/
"Matt ""Mills"" Miller",n/a
Nicolas Chinot,https://www.linkedin.com/in/nicolaschinot/
Guillaume Montard,https://www.linkedin.com/in/guillaumemontard/
Max Williams,https://www.linkedin.com/in/maxwilliams1
Somas Thyagaraja,https://www.linkedin.com/in/somast/
Amit Vasudev,https://www.linkedin.com/in/amitpvasudev/
Niket Desai,https://linkedin.com/in/niketdesai
AJ Frank,https://www.linkedin.com/in/ajfrank/
Jay Wallace,https://www.linkedin.com/in/cantc
Georgie Thomas,https://www.linkedin.com/in/georgiethomas24/
Brian Luerssen,https://www.linkedin.com/in/brianluerssen/
"Robert Warren Schoder, Jr.",https://www.linkedIn.com/in/rwsjr
James Danforth,https://www.linkedin.com/in/jamesdanforth/
Scott Fitsimones,https://linkedin.com/in/scottfits
Ashish Kundra,https://www.linkedin.com/in/ashish-kundra-5a9b784/
Friedrich Roth,https://www.linkedin.com/in/friedrichroth/
Brandon Jacoby,https://www.linkedin.com/in/jacobybrandon/
Daniel Liss,https://www.linkedin.com/in/daniel-liss1/
Iyinoluwa Aboyeji,linkedin.com/in/eaboyeji
Michael Ortali,https://www.linkedin.com/in/xethorn
James Borow,https://www.linkedin.com/in/jamesborow
David Milad Zohrob,https://www.linkedin.com/in/dzohrob
Gautam Shewakramani,https://www.linkedin.com/in/gshewakr
Daniel Scrivner,linkedin.com/in/danielscrivner
Zewen Liang,https://www.linkedin.com/in/brian4/
Tim Sae Koo,https://www.linkedin.com/in/timsaekoo
Evan Zhou,http://linkedin.com/in/evanczhou
Wilhelm Klopp,linkedin.com/in/wilhelmklopp
Vijay Mani,https://www.linkedin.com/in/vijaykmani/
Adil Kadir,https://www.linkedin.com/in/adilkadir
Ilter Canberk,https://www.linkedin.com/in/ilter-canberk-85261411a/
Rasty Turek,https://linkedin.com/in/synopsi
Andrey Vinitsky,https://www.linkedin.com/in/andreyvinitsky/
George Kunthara,https://www.linkedin.com/in/gkunthara/
Dharam Khalsa,https://www.linkedin.com/in/dharamkhalsa/
Atif Azam,linkedin.com/in/atifazam
Andrew Sider,https://www.linkedIn.com/in/andrewsider
Derrick Ko,http://linkedin.com/in/derrickk
Mark de Lange,https://www.linkedin.com/in/markdelange81/
Amir Shevat,https://www.linkedin.com/in/amirshevat
Paul Menchov,linkedin.com/in/pmenchov
Cameron Koczon,https://www.linkedin.com/in/cameron-koczon-3b338711a/
Syed Ahmed,linkedin.com/in/syedahmedz
Michael Karnjanaprakorn,n/a
Mike Gozzo,https://LinkedIn.com/in/mgozzo
Peter O'Malley,https://www.linkedin.com/in/peteromalley1
Ben Hamner,https://www.linkedin.com/in/ben-hamner-98759712
Chao Wu,https://www.linkedin.com/in/awes0me/
Troy Osinoff,https://www.linkedin.com/in/troyosinoff
Rahul Thathoo,https://www.linkedin.com/in/rahulthathoo/
Karthik Ganapathi,http://linkedin.com/in/karthik-ganapathi-02148813
Andrew Robert Volk,https://www.linkedin.com/in/andyvolk/
Paul Budnitz,n/a
Chrys Bader,https://www.linkedin.com/in/chrysb/
Colin Carrier,https://www.linkedin.com/in/colincarrier/
Rakan Al-Shawaf,https://www.linkedin.com/in/rakanalshawaf/
Dylan Beynon,linkedin.com/in/dylanbeynon/
Jon Howard,https://www.linkedin.com/in/staringispolite/
Akhil Paul,https://www.linkedin.com/in/akhil-paul-135b8a16/
Peter Frank,https://www.linkedin.com/in/peter-frank-a207823b/
Nate Yu,https://www.linkedin.com/in/nateyu/
Femi Awomosu,https://uk.linkedin.com/in/femiaw
Daniel Berrios,https://www.linkedin.com/in/danielxberrios/
Daniel Gruneberg,https://www.linkedin.com/in/danielgruneberg
Megan Lin Gibbons,https://www.linkedin.com/in/meganjoycelin/
Lolita M Taub,linkedin.com/in/lolitataub
Gauri Manglik,https://www.LinkedIn.com/in/gaurimanglik
Laura Padilla,www.linkedin.com/in/laurapadillasfo
Ira Patnaik,https://www.linkedin.com/in/irapatnaik
Yuelin Li,https://www.linkedin.com/in/yuelinx/
Mandy Hong,https://www.linkedin.com/in/mandyhong08/
Duygu Oktem Clark,https://www.linkedin.com/in/duyguclark/
Theodora Chu,https://www.linkedIn.com/in/theodorachu
Crystal Huang,https://www.linkedin.com/in/crystalhuang89/
Taru Kapoor,linkedin.com/in/tarukapoor
Isabel Tewes,https://www.linkedin.com/in/isabeltewes
Taylor Majewski,https://www.linkedin.com/in/taylormajewski/
Lilly Wyden,https://www.linkedin.com/mwlite/in/lillywyden
Kelsey Whelan,https://www.linkedin.com/in/kelseywhelan/
Christine Evans,http://linkedin.com/in/christinehsuevans
Ali Malamud,https://www.linkedin.com/in/a-malamud/
Stephanie Wei,https://www.linkedin.com/in/stephanie-wei-8031078/
Elizabeth Yin,https://www.linkedin.com/in/elizabethyin/
Allison Esposito Medina,https://www.linkedin.com/in/allisonespositomedina/
Michelle Kwon,https://www.linkedin.com/in/michelle-kwon-4a0b354a/
Luba Yudasina,https://linkedin.com/in/yudasinal
Tracy Chou,https://www.linkedin.com/in/triketora/
Maya Frai,linkedin.com/in/mayafrai
Bruno Faviero,https://www.linkedin.com/in/faviero
Kristina Budelis,https://www.linkedin.com/in/kbudelis/
Ellen Lindzon,n/a
Aparna Krishnan,https://www.linkedin.com/in/aparna-krishnan/
Helen Sims,https://www.linkedIn.com/in/helensims
Yasmin Kothari,LinkedIn.com/in/yasminkothari
Mahncy Mehrotra,https://www.linkedin.com/in/mahncy
Konval Matin,https://www.linkedin.com/in/konval
Lauren Berson,https://www.linkedin.com/in/laurenberson
Lindsay Pettingill,https://www.linkedin.com/in/lpettingill
Alexandra Depledge,https://www.linkedin.com/in/alexandra-depledge-mbe-22b57a14/
Jules Coleman,https://www.linkedin.com/in/julescoleman?originalSubdomain=uk
Evelyn Rusli,https://www.linkedin.com/in/evelynrusli/
Shefali Roy,https://www.linkedin.com/in/shefaliroy
Angela Sutherland,https://www.linkedin.com/in/angelasutherland/
Manan Patel,https://www.linkedIn.com/in/manan19
Justin Mares,https://www.linkedin.com/in/justinmares/
Jason Badal,https://www.linkedin.com/in/jbadal
Connor Murphy,https://www.linkedin.com/in/connormurphy/
Shihao Koh,https://www.linkedin.com/in/kshihao/
Kyle Samani,linkedin.com/in/kylesamani
Mark George,https://www.linkedin.com/in/markwilliamgeorge/
Alex Bouaziz,https://www.linkedin.com/in/alexbouaziz/
Badrul Farooqi,https://www.linkedin.com/in/farooqib/
Michael Tam,https://www.linkedin.com/in/mtam/
Satya Patel,https://www.linkedin.com/in/satyapatel/
Alexey Garyunov,https://www.linkedin.com/in/alexey-garyunov-1840143b/
Jamil Nizam,https://www.linkedin.com/in/jamilnizam/
Jordan Kong,https://www.linkedin.com/in/jordankong
Jessica Toy,https://www.linkedin.com/in/jessicatoy/
Andrew Winter,https://www.linkedin.com/in/andrew-clark-winter/
David Grossblatt,https://www.linkedin.com/in/davidgrossblatt
Jimmy Douglas,https://www.linkedin.com/in/jimmydou/
Helen Situ,https://www.linkedin.com/in/helensitu/
Jeff Smith,https://www.linkedin.com/in/jeffksmithjr/
Michael Daugherty,
Sean Trigony,https://www.linkedin.com/in/sean-trigony-2010122/
Franklyn Chien,https://www.linkedin.com/in/franklynchien/
Stella Garber,https://www.linkedin.com/in/stellagarber/
Saikat Chakrabarti,https://www.linkedin.com/in/saikatc/
George Hodgin,
Sean Aggarwal,https://www.linkedin.com/in/seanaggarwal/
Matt Kraning,https://www.linkedin.com/in/matt-kraning-1718b512/
Shahed Khan,https://www.linkedin.com/in/shahedkhan/
Samir Kaji,https://www.linkedin.com/in/samirkaji/
Ben Porterfield,https://www.linkedin.com/in/benporterfield/
Jeff Bullock,https://www.linkedin.com/in/jeffreybullock/
Qasar Younis,https://www.linkedin.com/in/qasar/
Abe Othman,n/a
Tomoya Ogawa,https://www.linkedin.com/in/tomoya-ogawa-5539663a/
Charles Friedland,https://www.linkedin.com/in/charles-friedland/
Ethan Kravitz,https://www.linkedin.com/in/ethankravitz/
Andrew Roth,https://www.linkedin.com/in/andreweroth/
Babak Nivi,https://www.linkedin.com/in/bnivi/
Mike Rosengarten,https://www.linkedin.com/in/michaelrosengarten/
Garrett Lord,https://www.linkedin.com/in/garrettlord/
Hernan Lopez,https://www.linkedin.com/in/hernan-lopez-b390a410b/
Michael Seibel,https://www.linkedin.com/in/mwseibel/
Moshe Lifschitz,https://www.linkedin.com/in/moshe-lifschitz-906a8b9b/
Brian Donohue,https://www.linkedin.com/in/bthdonohue/
Saad Atieque,https://www.linkedin.com/in/saadatieque/
Jason Tan,https://www.linkedin.com/in/jas0ntan/
Sam Teller,https://www.linkedin.com/in/steller/
Ryan Akkina,https://www.linkedin.com/in/ryan-akkina-6169851/
Aunkur Arya,https://www.linkedin.com/in/aunkurarya/
Roxanne Varza,https://www.linkedin.com/in/roxannevarza/
Sudheendra Chilappagari,https://www.linkedin.com/in/sudheendrachilappagari/
Blaine Vess,https://www.linkedin.com/in/blainevess/
Bobby Goodlatte,https://www.linkedin.com/in/bobby-goodlatte/
Ryan Eisenman,https://www.linkedin.com/in/ryan-eisenman-21811246/
Shervin Pishevar,https://www.linkedin.com/in/shervinpishevar/
Tom Peterson,https://www.linkedin.com/in/tom-peterson-78693715/
Ajit Sancheti,https://www.linkedin.com/in/ajitsancheti/
Ben Pruess,https://www.linkedin.com/in/bpruess/
Roman Klein,n/a
Shabih Rizvi,https://www.linkedin.com/in/shabihr/
Mo Amdani,https://www.linkedin.com/in/moamdani/
Xuezhao Lan,https://www.linkedin.com/in/xuezhao-lan-lan-50aa1a1/
Michael Pryor,https://www.linkedin.com/in/michaelhpryor/
Shuo Wang,https://www.linkedin.com/in/shuooo/
Matt Matteson,https://www.linkedin.com/in/mattmatteson/
Sri Batchu,https://www.linkedin.com/in/sribatchu/
Jeff Silverstein,https://www.linkedin.com/in/jeff-silverstein-54208555/
"Rob Schoder, Jr.",https://www.linkedin.com/in/rwsjr/
Ivan Zhou,https://www.linkedin.com/in/ivanzhou/
Nalden,https://www.linkedin.com/in/ronaldhans/
Sriram Krishnan,https://www.linkedin.com/in/sriramkrishnan01/
Gary Benitt,https://www.linkedin.com/in/garybenitt/
Zeeza Cole,https://www.linkedin.com/in/zeeza-cole-014007134/
Aaron Schildkrout,https://www.linkedin.com/in/aschildkrout/
Ty Baisden,https://www.linkedin.com/in/worldwidety/
Jayne Andrew,https://www.linkedin.com/in/jayne-andrew-416977139/
Ryan Panchadsaram,https://www.linkedin.com/in/ryanpanchadsaram/
Shiyan Koh,https://www.linkedin.com/in/shiyankoh/
Soo Boon Koh,https://www.linkedin.com/in/soo-boon-koh-14110b/
Maxim Nazarov,https://www.linkedin.com/in/nazarovmaxim/
Pavel Gurianov,https://www.linkedin.com/in/pavelgurianov/
Lindsay Lyle,https://www.linkedin.com/in/lyndsay-lyle-15a7602/
Semil Shah,https://www.linkedin.com/in/semilshah/
Minnie Ingersoll,https://www.linkedin.com/in/mingersoll/
Nikos Liodakis,https://www.linkedin.com/in/nikos-liodakis-4674b563/
Trang Nguyen,https://www.linkedin.com/in/trangnguyen2010/
Alex Bangash,https://www.linkedin.com/in/alexbangash/
Morgan Beller,https://www.linkedin.com/in/morganbeller/
Roger Ehrenberg,https://www.linkedin.com/in/rehrenberg/
Crystal Sacca,https://www.linkedin.com/in/crystalenglishsacca/
Aarthi Ramamurthy,https://www.linkedin.com/in/aarthir/
Arati Sharma,https://www.linkedin.com/in/aratisharma/
Robbie Bent,
Scott Moore,https://www.linkedin.com/in/notscottmoore/
Josh Buckley,https://www.linkedin.com/in/josh-buckley-7612284/
Paul Audet,
Heston Berkman,
Daniel Pourasghar,
Hsu Ken Ooi,
Dalal Al Sahay,